{
  "$schema": "https://developer.joomla.org/schemas/json-schema/web_assets.json",
  "name": "com_jvisualcss",
  "version": "CVS: 0.0.1",
  "license": "GNU General Public License version 2 or later; see LICENSE.txt",
  "assets": [
    {
      "name": "com_jvisualcss.admin",
      "type": "style",
      "uri": "com_jvisualcss/admin.css"
    },
    {
      "name": "com_jvisualcss.editor",
      "type": "style",
      "uri": "com_jvisualcss/editor.css",
      "dependencies": [
        "com_jvisualcss.pickr"
      ]
    },
    {
      "name": "com_jvisualcss.pickr",
      "type": "style",
      "uri": "com_jvisualcss/pickr/nano.min.css"
    },
    {
      "name": "com_jvisualcss.admin",
      "type": "script",
      "uri": "com_jvisualcss/admin.js",
      "dependencies": [
        "jquery"
      ],
      "attributes": {
        "defer": true
      }
    },
    {
      "name": "com_jvisualcss.editor",
      "type": "script",
      "uri": "com_jvisualcss/editor.js",
      "dependencies": [
        "jquery",
        "com_jvisualcss.pickr"
      ],
      "attributes": {
        "defer": true
      }
    },
    {
      "name": "com_jvisualcss.pickr",
      "type": "script",
      "uri": "com_jvisualcss/pickr/pickr.min.js",
      "attributes": {
        "defer": true
      }
    },
    {
        "name": "com_jvisualcss.list",
        "type": "style",
        "uri": "com_jvisualcss/list.css"
    }
  ]
}
