<?xml version="1.0" encoding="utf-8"?>
<extension type="package" method="upgrade">
    <name>pkg_jvisualcss</name>
    <author>htmgarcia.com</author>
    <packagename>jvisualcss</packagename>
    <creationDate>July 22 2025</creationDate>
    <copyright>Copyright (C) 2025 htmgarcia</copyright>
    <license>GNU General Public License version 2 or later</license>
    <url>https://htmgarcia.com</url>
    <packager>htmgarcia</packager>
    <packagerurl>https://htmgarcia.com</packagerurl>
    <version>1.1.0</version>
    <description>Package installer for jVisual CSS</description>
    <files>
        <file type="component" id="com_jvisualcss">com_jvisualcss.zip</file>
        <file type="plugin" group="system" id="jvisualcss">plg_system_jvisualcss.zip</file>
    </files>
</extension>