<?xml version="1.0" encoding="utf-8"?>
<extension version="4.0" type="plugin" group="system" method="upgrade">
	<name>System - Easy Shortcodes</name>
	<creationDate>September 22, 2025</creationDate>
	<author>Valentín García</author>
	<authorEmail>htmgarcia@gmail.com</authorEmail>
	<authorUrl>https://htmgarcia.com</authorUrl>
	<copyright>(C) 2025 Valentín García. All rights reserved.</copyright>
	<license>GNU General Public License version 2 or later</license>
	<version>1.2.0</version>
	<description><![CDATA[
	<p>Performs macro replacements, shortcodes, and snippets using a custom shortcodes.ini file uploaded to your template’s html/ folder.</p>
	<p style="background:#2e486b;padding:15px 20px;color: #fff;">Manage the shortcodes and snippets through admin <a href="https://htmgarcia.com/joomla-extensions/easy-shortcodes/" target="_blank" class="btn btn-warning">Upgrade to Pro</a></p>
	<p><img src="../plugins/system/easyshortcodes/images/pro1.jpg" alt="Manage your shortcodes and snippets with the Easy Shortcodes components"></p>
	<p><img src="../plugins/system/easyshortcodes/images/pro2.jpg" alt="Edit your shortcodes and snippets with a code editor"></p>
	<p style="background:#2e486b;padding:15px 20px;color: #fff;">Manage the shortcodes and snippets through admin <a href="https://htmgarcia.com/joomla-extensions/easy-shortcodes/" target="_blank" class="btn btn-warning">Upgrade to Pro</a></p>
	]]></description>
	<files>
		<filename plugin="easyshortcodes">easyshortcodes.php</filename>
		<folder plugin="easyshortcodes">images</folder>
	</files>
	<updateservers>
		<server type="extension" priority="1" name="Easy Shortcodes Updates"><![CDATA[http://htmgarcia.github.io/joomla/updates/plg_system_easyshortcodes.xml]]></server>
	</updateservers>
	<scriptfile>script.php</scriptfile>
</extension>
