<?xml version="1.0" encoding="utf-8"?>
<extension type="component" version="4.0" method="upgrade">
    <name>com_jvisualcss</name>
    <creationDate>April 23 2025</creationDate>
    <copyright>2025 htmgarcia</copyright>
    <license>GNU General Public License version 2 or later</license>
    <author>htmgarcia</author>
    <authorEmail>htmgarcia@gmail.com</authorEmail>
    <authorUrl>https://htmgarcia.com</authorUrl>
    <version>0.1.0</version>
    <description></description>
    <namespace path="src">Jvisualcss\Component\Jvisualcss</namespace>
    <install> <!-- Runs on install -->
        <sql>
            <file driver="mysql" charset="utf8">sql/install.mysql.utf8.sql</file>
        </sql>
    </install>
    <update> <!-- Runs on update -->
        <schemas>
            <schemapath type="mysql">sql/updates</schemapath>
        </schemas>
    </update>
    <uninstall> <!-- Runs on uninstall -->
        <sql>
            <file driver="mysql" charset="utf8">sql/uninstall.mysql.utf8.sql</file>
        </sql>
    </uninstall>

    

    <files folder="site">
        <folder>src</folder>
        
        <folder>tmpl</folder>
    </files>
    <media destination="com_jvisualcss" folder="media">
        <folder>css</folder>
        <folder>js</folder>
        <filename>joomla.asset.json</filename>
    </media>
    <languages folder="site/languages">
        
			<language tag="en-GB">en-GB/com_jvisualcss.ini</language>
    </languages>
    <administration>
        <menu>COM_JVISUALCSS</menu>
        <submenu>
            
			<menu link="option=com_jvisualcss&amp;view=items" view="items" alt="Jvisualcss/Items">COM_JVISUALCSS_TITLE_ITEMS</menu>

        </submenu>
        <files folder="administrator">
            <filename>access.xml</filename>
            <filename>config.xml</filename>
            <folder>forms</folder>
            <folder>src</folder>
            <folder>tmpl</folder>
            <folder>services</folder>
            <folder>presets</folder>
            <folder>sql</folder>
        </files>
        <languages folder="administrator/languages">
            
			<language tag="en-GB">en-GB/com_jvisualcss.ini</language>
			<language tag="en-GB">en-GB/com_jvisualcss.sys.ini</language>
        </languages>
    </administration>
    <config>
        <fields name="params">
            <fieldset name="component">
                <field name="save_history" default="0" />
            </fieldset>
        </fields>
    </config>
    <plugins>
    </plugins>
    
    <updateservers>
		<server type="extension" priority="1" name="jVisual CSS Component"><![CDATA[https://htmgarcia.github.io/joomla/updates/com_jvisualcss.xml]]></server>
	</updateservers>
</extension>
