<?xml version="1.0" encoding="utf-8"?>
<extension version="3.4" type="plugin" group="content" method="upgrade">
    <name>PLG_INNER_CONTENT</name>
    <author>Valentin Garcia</author>
    <creationDate>November 13, 2025</creationDate>
    <copyright>Copyright (C) 2025. All rights reserved.</copyright>
    <license>GNU General Public License version 3 or later</license>
    <authorEmail>htmgarcia@gmail.com</authorEmail>
    <authorUrl>https://htmgarcia.com</authorUrl>
    <version>2.0.0</version>
    <description><![CDATA[
        <style>
        .spacer hr.vg-hr-inner-content-separator {
            border-top-width: 3px;
            width: 500px;
        }
        .hide-aware-inline-help.d-none {
            display: block !important;
        }
        .vg-pro-ad-button-inner-content {
            padding: 14px 20px;
            background: #0693e3;
            color:#fff;
        }
        .vg-pro-ad-button-inner-content:hover,
        .vg-pro-ad-button-inner-content:focus,
        .vg-pro-ad-button-inner-content:active {
            background: #0693e3;
            color:#fff;
            opacity: 0.9;
        }
        </style>
        Auto-insert content and HTML in your articles.]]></description>

    <files>
        <filename plugin="innercontent">innercontent.php</filename>
        <folder>language</folder>
        <folder>sql</folder>
    </files>

    <install>
        <sql>
            <file driver="mysql" charset="utf8">sql/install.mysql.utf8.sql</file>
        </sql>
    </install>

    <config>
        <fields name="params">
            <fieldset name="basic">
                <field
                    type="note"
                    name="custom_html"
                    label=""
                    description="PLG_INNER_CONTENT_PRO_AD"
                />
                <field name="block_1"
                       type="textarea"
                       label="PLG_INNER_CONTENT_BLOCK_1_LABEL"
                       description="PLG_INNER_CONTENT_BLOCK_1_DESC"
                       default="" cols="35" rows="5"
                       filter="raw" />
                <field name="block_1_editor"
                       type="editor"
                       label="PLG_INNER_CONTENT_BLOCK_1_EDITOR_LABEL"
                       description="PLG_INNER_CONTENT_BLOCK_1_EDITOR_DESC"
                       buttons="true"
                       hide="pagebreak,readmore"
                       filter="raw" />
                <field name="block_1_location"
                       type="integer"
                       first="1"
                       last="10"
                       step="1"
                       default="2"
                       label="PLG_INNER_CONTENT_BLOCK_LOCATION_LABEL"
                       description="PLG_INNER_CONTENT_BLOCK_LOCATION_DESC" />
                <field name="spacer_1"
                    type="spacer"
                    hr="true" 
                    class="vg-hr-inner-content-separator" />
                <field name="block_2"
                       type="textarea"
                       label="PLG_INNER_CONTENT_BLOCK_2_LABEL"
                       description="PLG_INNER_CONTENT_BLOCK_2_DESC"
                       default="" cols="35" rows="5"
                       filter="raw" />
                <field name="block_2_editor"
                       type="editor"
                       label="PLG_INNER_CONTENT_BLOCK_2_EDITOR_LABEL"
                       description="PLG_INNER_CONTENT_BLOCK_2_EDITOR_DESC"
                       buttons="true"
                       hide="pagebreak,readmore"
                       filter="raw" />
                <field name="block_2_location"
                       type="integer"
                       first="1"
                       last="10"
                       step="1"
                       default="5"
                       label="PLG_INNER_CONTENT_BLOCK_LOCATION_LABEL"
                       description="PLG_INNER_CONTENT_BLOCK_LOCATION_DESC" />
                <field name="spacer_2"
                    type="spacer"
                    hr="true"
                    class="vg-hr-inner-content-separator" />
                <field name="block_3"
                       type="textarea"
                       label="PLG_INNER_CONTENT_BLOCK_3_LABEL"
                       description="PLG_INNER_CONTENT_BLOCK_3_DESC"
                       default="" cols="35" rows="5"
                       filter="raw" />
                <field name="block_3_editor"
                       type="editor"
                       label="PLG_INNER_CONTENT_BLOCK_3_EDITOR_LABEL"
                       description="PLG_INNER_CONTENT_BLOCK_3_EDITOR_DESC"
                       buttons="true"
                       hide="pagebreak,readmore"
                       filter="raw" />
                <field name="block_3_location"
                       type="integer"
                       first="1"
                       last="10"
                       step="1"
                       default="9"
                       label="PLG_INNER_CONTENT_BLOCK_LOCATION_LABEL"
                       description="PLG_INNER_CONTENT_BLOCK_LOCATION_DESC" />
            </fieldset>
        </fields>
    </config>
    <updateservers>
        <server type="extension" priority="1" name="Inner Content Updates"><![CDATA[https://htmgarcia.github.io/joomla/updates/plg_content_innercontent.xml]]></server>
    </updateservers>
</extension>