<extension type="plugin" version="4.0" group="system" method="upgrade">
    <name>PLG_SYSTEM_HTMGARCIA_LICENSES</name>
    <author>htmgarcia</author>
    <version>1.2.0</version>
    <description><![CDATA[PLG_SYSTEM_HTMGARCIA_LICENSES_DESC]]></description>
    <license>GNU General Public License version 2 or later</license>
    <files>
        <filename plugin="htmgarcia_licenses">htmgarcia_licenses.php</filename>
        <filename plugin="htmgarcia_licenses">LICENSE</filename>
        <folder plugin="htmgarcia_licenses">fields</folder>
    </files>
    <languages>
		<language tag="en-GB">language/en-GB/plg_system_htmgarcia_licenses.sys.ini</language>
	</languages>
    <config>
        <fields name="params">
            <fieldset name="basic" label="PLG_SYSTEM_HTMGARCIA_LICENSES_SETTINGS">
                <field
                    name="com_jvisualcss_pro"
                    type="htmgarcialicense"
                    label="PLG_SYSTEM_HTMGARCIA_LICENSES_JVISUAL_CSS_PRO_LICENSE_KEY"
                    description="PLG_SYSTEM_HTMGARCIA_LICENSES_SETTINGS_DESC"
                    extension="com_jvisualcss_pro"
                />
                <field
                    name="com_easyshortcodes_pro"
                    type="htmgarcialicense"
                    label="PLG_SYSTEM_HTMGARCIA_LICENSES_EASYSHORTCODES_PRO_LICENSE_KEY"
                    description="PLG_SYSTEM_HTMGARCIA_LICENSES_SETTINGS_DESC"
                    extension="com_easyshortcodes_pro"
                />
                <field
                    name="com_innercontent_pro"
                    type="htmgarcialicense"
                    label="PLG_SYSTEM_HTMGARCIA_LICENSES_INNERCONTENT_PRO_LICENSE_KEY"
                    description="PLG_SYSTEM_HTMGARCIA_LICENSES_SETTINGS_DESC"
                    extension="com_innercontent_pro"
                />
            </fieldset>
        </fields>
    </config>
    <updateservers>
		<server type="extension" priority="1" name="htmgarcia.com - License Manager update"><![CDATA[https://htmgarcia.github.io/joomla/updates/plg_system_htmgarcia_licenses.xml]]></server>
	</updateservers>
</extension>
