<?xml version="1.0" encoding="utf-8"?>
<extension type="module" version="4.0" client="site" method="upgrade">
	<name>mod_multi_layouts</name>
	<author>Valentin Garcia</author>
	<creationDate>15 July 2025</creationDate>
	<copyright>(C) 2025 htmgarcia.com</copyright>
	<license>GNU General Public License version 2 or later; see LICENSE.txt</license>
	<authorEmail>htmgarcia@gmail.com</authorEmail>
	<authorUrl>htmgarcia.com</authorUrl>
	<version>1.3.0</version>
	<description>MOD_MULTI_LAYOUTS_XML_DESCRIPTION</description>
	<namespace path="src">Joomla\Module\MultiLayouts</namespace>
	<files>
		<filename module="mod_multi_layouts">mod_multi_layouts.php</filename>
		<folder>src</folder>
		<folder>tmpl</folder>
	</files>
	<languages>
		<language tag="en-GB">language/en-GB/mod_multi_layouts.ini</language>
		<language tag="en-GB">language/en-GB/mod_multi_layouts.sys.ini</language>
	</languages>
	<help key="JHELP_EXTENSIONS_MODULE_MANAGER_ARTICLES_NEWSFLASH"/>

	<media destination="mod_multi_layouts" folder="media">
      <folder>css</folder>
	  <folder>images</folder>
	  <folder>js</folder>
	  <folder>scss</folder>
  </media>

	<config>
		<fields name="params">
			<fieldset name="basic">
				<field
					name="catid"
					type="category"
					label="JCATEGORY"
					extension="com_content"
					multiple="true"
					filter="intarray"
					class="multipleCategories"
					layout="joomla.form.field.list-fancy-select"
				/>

				<field
					name="tag"
					type="tag"
					label="JTAG"
					mode="nested"
					multiple="true"
					filter="intarray"
					class="multipleTags"
				/>

				<field
					name="count"
					type="number"
					label="MOD_MULTI_LAYOUTS_FIELD_ITEMS_LABEL"
					default="5"
					filter="integer"
				/>

				<field
					name="layout"
					type="modulelayout"
					label="JFIELD_ALT_LAYOUT_LABEL"
					class="form-select"
					validate="moduleLayout"
				/>

				<field
					name="ordering"
					type="list"
					label="MOD_MULTI_LAYOUTS_FIELD_ORDERING_LABEL"
					default="a.publish_up"
					validate="options"
					>
					<option value="a.publish_up">MOD_MULTI_LAYOUTS_FIELD_ORDERING_PUBLISHED_DATE</option>
					<option value="a.created">MOD_MULTI_LAYOUTS_FIELD_ORDERING_CREATED_DATE</option>
					<option value="a.modified">MOD_MULTI_LAYOUTS_FIELD_ORDERING_MODIFIED_DATE</option>
					<option value="a.ordering">MOD_MULTI_LAYOUTS_FIELD_ORDERING_ORDERING</option>
					<option value="a.hits">JGLOBAL_HITS</option>
					<option value="rand()">MOD_MULTI_LAYOUTS_FIELD_ORDERING_RANDOM</option>
				</field>

				<field
					name="direction"
					type="list"
					label="MOD_MULTI_LAYOUTS_FIELD_ORDERING_DIRECTION_LABEL"
					default="1"
					filter="integer"
					showon="ordering:a.publish_up,a.created,a.modified,a.ordering,a.hits"
					validate="options"
					>
					<option value="0">JGLOBAL_ORDER_ASCENDING</option>
					<option value="1">JGLOBAL_ORDER_DESCENDING</option>
				</field>

				<field
					name="show_featured"
					type="list"
					label="MOD_MULTI_LAYOUTS_FIELD_FEATURED_LABEL"
					default=""
					filter="integer"
					validate="options"
					>
					<option value="">JSHOW</option>
					<option value="0">JHIDE</option>
					<option value="1">MOD_MULTI_LAYOUTS_VALUE_ONLY_SHOW_FEATURED</option>
				</field>

				<field
					name="exclude_current"
					type="radio"
					label="MOD_MULTI_LAYOUTS_FIELD_EXCLUDE_CURRENT_LABEL"
					layout="joomla.form.field.radio.switcher"
					default="1"
					filter="integer"
					>
					<option value="0">JNO</option>
					<option value="1">JYES</option>
				</field>

				<field
					name="triggerevents"
					type="radio"
					label="MOD_MULTI_LAYOUTS_FIELD_TRIGGEREVENTS_LABEL"
					description="MOD_MULTI_LAYOUTS_FIELD_TRIGGEREVENTS_DESC"
					layout="joomla.form.field.radio.switcher"
					default="0"
					filter="integer"
					>
					<option value="0">JNO</option>
					<option value="1">JYES</option>
				</field>

				<field
					name="display_images"
					type="radio"
					label="MOD_MULTI_LAYOUTS_FIELD_DISPLAY_IMAGES_LABEL"
					description="MOD_MULTI_LAYOUTS_FIELD_DISPLAY_IMAGES_DESC"
					layout="joomla.form.field.radio.switcher"
					default="0"
					filter="integer"
					>
					<option value="0">JNO</option>
					<option value="1">JYES</option>
				</field>
			</fieldset>

			<fieldset name="advanced">
				<field
					name="moduleclass_sfx"
					type="textarea"
					label="COM_MODULES_FIELD_MODULECLASS_SFX_LABEL"
					rows="3"
					validate="CssIdentifier"
				/>

				<field
					name="cache"
					type="list"
					label="COM_MODULES_FIELD_CACHING_LABEL"
					default="1"
					filter="integer"
					validate="options"
					>
					<option value="1">JGLOBAL_USE_GLOBAL</option>
					<option value="0">COM_MODULES_FIELD_VALUE_NOCACHING</option>
				</field>

				<field
					name="cache_time"
					type="number"
					label="COM_MODULES_FIELD_CACHE_TIME_LABEL"
					default="900"
					filter="integer"
				/>

				<field
					name="cachemode"
					type="hidden"
					default="itemid"
					>
					<option value="itemid"></option>
				</field>
			</fieldset>
		</fields>
	</config>
	<updateservers>
		<server type="extension" priority="1" name="Multi Layouts Updates"><![CDATA[http://htmgarcia.github.io/joomla/updates/mod_multi_layouts.xml]]></server>
	</updateservers>
</extension>
