<?xml version="1.0" encoding="utf-8"?>
<extension type="plugin" group="system" method="upgrade" version="4.0">
	<name>PLG_SYSTEM_JVISUAL_CSS</name>
	<author>htmgarcia.com</author>
	<creationDate>June 28 2025</creationDate>
	<copyright>Copyright (C) 2025 Valentin Garcia. All rights reserved.</copyright>
	<license>GNU General Public License version 2 or later</license>
	<authorEmail>htmgarcia@gmail.com</authorEmail>
	<authorUrl>https://www.htmgarcia.com</authorUrl>
	<version>1.0.0</version>
	<description>PLG_SYSTEM_JVISUAL_CSS_DESCRIPTION</description>
	<files>
		<filename plugin="jvisualcss">jvisualcss.php</filename>
	</files>
	<languages>
		<language tag="en-GB">language/en-GB/plg_system_jvisualcss.ini</language>
		<language tag="en-GB">language/en-GB/plg_system_jvisualcss.sys.ini</language>
	</languages>
	<updateservers>
		<server type="extension" priority="1" name="jVisual CSS Plugin"><![CDATA[https://htmgarcia.github.io/joomla/updates/plg_system_jvisualcss.xml]]></server>
	</updateservers>
	<scriptfile>script.php</scriptfile>
</extension>